Unnamed: 0,Timestamp,What programme are you in?,Have you taken a course on machine learning?,Have you taken a course on information retrieval?,Have you taken a course on statistics?,Have you taken a course on databases?,What is your gender?,I have used ChatGPT to help me with some of my study assignments ,When is your birthday (date)?,How many students do you estimate there are in the room?,What is your stress level (0-100)?,How many hours per week do you do sports (in whole hours)? ,Give a random number,Time you went to bed Yesterday,What makes a good day for you (1)?,What makes a good day for you (2)?,Parsed How many students do you estimate there are in the room?,Parsed What is your stress level (0-100)?,Parsed How many hours per week do you do sports (in whole hours)?,Parsed Give a random number,Parsed Time you went to bed Yesterday,category_goodday_1,category_goodday_2,SleepDeviation,Norm.SleepDeviation,Norm.Stress,Norm.Sport,WellBeing
0,4-1-2025 12:17:07,AI & Data Science,yes,unknown,mu,ja,male,yes,]1985-1990],400,78,0,928393,00:00,Food,Travel,400.0,78.0,0.0,928393.0,0.0,food,holiday,1.5,0.8737727910238429,0.21999999999999997,0.0,0.3645909303412809
1,4-1-2025 12:17:14,AI & Data Science,yes,1,sigma,ja,female,yes,]2000-2005],321,1000,2,31.416,12:30,sun,coffee,321.0,44.15833333333334,2.0,1.9321458496705785e+123,0.5,weather,food,2.0,0.8316970546984572,0.5584166666666666,0.028985507246376812,0.4730330762038335
2,4-1-2025 12:17:17,"Business, Finance & Econometrics",yes,1,mu,ja,male,not willing to say,]2000-2005],200,101,4,5,0:30,Zonnetje,Aperol,200.0,36.97,4.0,5.0,0.5,weather,alchol/drugs,2.0,0.8316970546984572,0.6303000000000001,0.057971014492753624,0.506656023063737
3,4-1-2025 12:17:21,"Business, Finance & Econometrics",yes,0,mu,nee,male,yes,]2000-2005],350,60,6,37,23:00,Sun,Sun,350.0,60.0,6.0,37.0,23.0,weather,weather,0.5,0.9579242636746144,0.4,0.08695652173913043,0.4816269284712482
4,4-1-2025 12:17:24,AI & Data Science,yes,1,mu,ja,male,yes,]1995-2000],500,50,8,1,12,-,-,500.0,50.0,8.0,1.0,0.0,sport,friends/family,1.5,0.8737727910238429,0.5,0.11594202898550725,0.4965716066697834
5,4-1-2025 12:17:26,"Business, Finance & Econometrics",no,unknown,mu,nee,gender fluid,not willing to say,]2000-2005],467,"99,7",8,0,5am,Chocolate,Bitterballen,467.0,62.26,8.0,0.0,5.0,food,food,6.5,0.45301542776998593,0.37740000000000007,0.11594202898550725,0.3154524855851644
6,4-1-2025 12:17:26,"Business, Finance & Econometrics",no,0,mu,ja,female,yes,]1995-2000],500,60,4,4,12:00,Sun,Good food,500.0,60.0,4.0,4.0,0.0,weather,food,1.5,0.8737727910238429,0.4,0.057971014492753624,0.44391460183886555
7,4-1-2025 12:17:27,Computer Science & Technology,yes,0,sigma,ja,male,not willing to say,]1995-2000],400,30,1,6656678,12am,good food,good grade,400.0,30.0,1.0,6656678.0,0.0,food,study/work,1.5,0.8737727910238429,0.7,0.014492753623188406,0.5294218482156771
8,4-1-2025 12:17:28,AI & Data Science,no,0,mu,ja,female,yes,]2000-2005],500,60,3,888,10:37,Sun1,Sun2,500.0,60.0,3.0,888.0,10.616666666666667,weather,weather,11.883333333333333,0.0,0.4,0.043478260869565216,0.14782608695652175
9,4-1-2025 12:17:30,Computer Science & Technology,no,0,mu,ja,gender fluid,not willing to say,]1995-2000],200,70,1,420420420420420420,0200,Work done good,Then smoke weed,200.0,70.0,1.0,4.204204204204204e+17,2.0,study/work,alchol/drugs,3.5,0.7054698457223001,0.30000000000000004,0.014492753623188406,0.3399875331151629
10,4-1-2025 12:17:31,AI & Data Science,yes,1,sigma,ja,female,yes,]1995-2000],250,100,4,3,11 pm,Good food ,Nice company ,250.0,100.0,4.0,3.0,23.0,food,friends/family,0.5,0.9579242636746144,0.0,0.057971014492753624,0.33863175938912266
11,4-1-2025 12:17:31,Computer Science & Technology,yes,1,unknown,ja,male,yes,]1995-2000],400,20,"4,5","5,38299E+11",00:00,Pizza,Beers,400.0,20.0,45.0,2.653197238667381e+59,0.0,food,alchol/drugs,1.5,0.8737727910238429,0.8,0.6521739130434783,0.7753155680224403
12,4-1-2025 12:17:35,AI & Data Science,yes,unknown,mu,ja,male,yes,]1995-2000],345,60,8,1984,23h45,Good food,Good sleep ,345.0,60.0,8.0,1984.0,23.75,food,sleep/rest,1.25,0.8948106591865358,0.4,0.11594202898550725,0.4702508960573477
13,4-1-2025 12:17:39,AI & Data Science,yes,1,mu,ja,male,no,]2000-2005],500,50,4,72,9 am,Mama‚Äôs food,Dad‚Äôs card ,500.0,50.0,4.0,72.0,9.0,food,money,10.5,0.11640953716690039,0.5,0.057971014492753624,0.2247935172198847
14,4-1-2025 12:17:40,Computer Science & Technology,yes,1,unknown,ja,female,no,]2000-2005],200,70,2,7,9,Good work,Good sleep,200.0,70.0,2.0,7.0,9.0,study/work,sleep/rest,10.5,0.11640953716690039,0.30000000000000004,0.028985507246376812,0.14846501480442575
15,4-1-2025 12:17:40,Computer Science & Technology,no,0,mu,ja,male,yes,]2000-2005],500,1000,0,94,2 am,Passing courses,Sleeping,500.0,42.82,0.0,94.0,2.0,study/work,sleep/rest,3.5,0.7054698457223001,0.5718,0.0,0.42575661524076674
16,4-1-2025 12:17:41,AI & Data Science,yes,1,sigma,ja,male,yes,]1980-1985],400,50,7,13,01.00,Drugs,More drugs,400.0,50.0,7.0,13.0,1.0,alchol/drugs,alchol/drugs,2.5,0.7896213183730715,0.5,0.10144927536231885,0.4636901979117967
17,4-1-2025 12:17:43,AI & Data Science,no,0,mu,ja,female,yes,]1985-1990],400,30,10,28,23.30,Coffee,Sports,400.0,30.0,10.0,28.0,23.5,food,sport,1.0,0.9158485273492286,0.7,0.14492753623188406,0.5869253545270375
18,4-1-2025 12:17:44,AI & Data Science,yes,0,unknown,unknown,female,yes,]2000-2005],200,1000,0,9,23:16,Nothing ,Nothing ,200.0,32.38166666666667,0.0,9.0,23.266666666666666,joke,joke,0.7666666666666657,0.935483870967742,0.6761833333333334,0.0,0.5372224014336918
19,4-1-2025 12:17:44,"Business, Finance & Econometrics",yes,0,sigma,ja,female,yes,]1995-2000],200,70,0,8,2,Passing grade,Credit in balance,200.0,70.0,0.0,8.0,2.0,study/work,money,3.5,0.7054698457223001,0.30000000000000004,0.0,0.33515661524076673
20,4-1-2025 12:17:44,AI & Data Science,yes,1,mu,ja,male,yes,]2000-2005],200,5,12,6372,1:00,Sun,More sun,200.0,5.0,12.0,6372.0,1.0,weather,weather,2.5,0.7896213183730715,0.95,0.17391304347826086,0.6378447872837775
21,4-1-2025 12:17:46,AI & Data Science,yes,1,mu,ja,male,yes,]2000-2005],500,8,6,27,23.00, , ,500.0,8.0,6.0,27.0,23.0,sport,friends/family,0.5,0.9579242636746144,0.92,0.08695652173913043,0.6549602618045816
22,4-1-2025 12:17:49,AI & Data Science,yes,1,mu,ja,male,yes,]2000-2005],300,9999,10,9999,1 am,Not having EDDA exam,Freetime,300.0,17.246666666666666,10.0,9999.0,1.0,sleep/rest,sleep/rest,2.5,0.7896213183730715,0.8275333333333333,0.14492753623188406,0.587360729312763
23,4-1-2025 12:17:50,AI & Data Science,no,0,mu,nee,male,yes,]1995-2000],300,20,3,78,12:30 PM,Hanging with friends in the sun,Eating good food,300.0,20.0,3.0,78.0,0.5,friends/family,food,2.0,0.8316970546984572,0.8,0.043478260869565216,0.5583917718560075
24,4-1-2025 12:17:51,AI & Data Science,yes,0,mu,ja,female,yes,]2000-2005],300,50,4,38,23:30,Sun,Activity ,300.0,50.0,4.0,38.0,23.5,weather,sport,1.0,0.9158485273492286,0.5,0.057971014492753624,0.4912731806139941
25,4-1-2025 12:17:51,AI & Data Science,no,0,mu,nee,female,yes,]2000-2005],500,15,12,19,00:30,Good food ,Friends ,500.0,15.0,12.0,19.0,0.5,food,friends/family,2.0,0.8316970546984572,0.85,0.17391304347826086,0.6185366993922393
26,4-1-2025 12:17:52,"Business, Finance & Econometrics",no,0,mu,nee,female,not willing to say,]1995-2000],100,75,6,777,0.30,Sun,Cappuccino,100.0,75.0,6.0,777.0,0.5,weather,food,2.0,0.8316970546984572,0.25,0.08695652173913043,0.38955119214586253
27,4-1-2025 12:17:52,AI & Data Science,yes,0,mu,ja,female,yes,]2000-2005],550,1E+14,7,74,2,Sun,Food,550.0,17.372,7.0,74.0,2.0,weather,food,3.5,0.7054698457223001,0.82628,0.10144927536231885,0.5443997070282064
28,4-1-2025 12:17:53,AI & Data Science,yes,0,unknown,ja,female,not willing to say,]1995-2000],180-200,2,4-5,99,1:00 am,Sunny day,Hanging out with friends,10.0,2.0,0.0,99.0,1.0,weather,friends/family,2.5,0.7896213183730715,0.98,0.0,0.5898737727910238
29,4-1-2025 12:17:53,AI & Data Science,yes,0,mu,ja,female,yes,]2000-2005],300,3,10,25,12,dance,company,300.0,3.0,10.0,25.0,0.0,sport,friends/family,1.5,0.8737727910238429,0.97,0.14492753623188406,0.6629001090852423
30,4-1-2025 12:17:55,"Business, Finance & Econometrics",no,0,mu,nee,male,yes,]1995-2000],300,55,2,27,12:00,Spending time with Marc,Nice warm weather,300.0,55.0,2.0,27.0,0.0,friends/family,weather,1.5,0.8737727910238429,0.44999999999999996,0.028985507246376812,0.45091943275673985
31,4-1-2025 12:17:56,AI & Data Science,yes,0,mu,nee,male,yes,]1995-2000],456,20,9,108,23:57,Yoga,Delicious food,456.0,20.0,9.0,108.0,23.95,sport,food,1.4499999999999993,0.8779803646563815,0.8,0.13043478260869565,0.6028050490883591
32,4-1-2025 12:17:56,AI & Data Science,yes,1,sigma,ja,not willing to answer,yes,not possible,20*5*5,100,10,37,05:00,Alcohol,More alcohol,358.25,100.0,10.0,37.0,5.0,alchol/drugs,alchol/drugs,6.5,0.45301542776998593,0.0,0.14492753623188406,0.19931432133395666
33,4-1-2025 12:17:57,Computer Science & Technology,no,unknown,mu,ja,female,no,]1995-2000],100,100,1,4738,12,grade 10,win lottery ,100.0,100.0,1.0,4738.0,0.0,study/work,money,1.5,0.8737727910238429,0.0,0.014492753623188406,0.2960885148823437
34,4-1-2025 12:17:57,AI & Data Science,yes,1,sigma,ja,male,yes,]1995-2000],250,20,5,11011011,23:30,Socialising ,When I've learned something new,250.0,20.0,5.0,11011011.0,23.5,friends/family,study/work,1.0,0.9158485273492286,0.8,0.07246376811594203,0.5961040984883902
35,4-1-2025 12:17:58,AI & Data Science,yes,0,mu,nee,male,yes,]1995-2000],250,80,4,87,4:00,doing sports,not having anxiety,250.0,80.0,4.0,87.0,4.0,sport,mood,5.5,0.5371669004207573,0.19999999999999996,0.057971014492753624,0.265045971637837
36,4-1-2025 12:17:58,AI & Data Science,yes,0,mu,nee,male,yes,]2000-2005],487,30,7,39,22:30,Sports,Free time,487.0,30.0,7.0,39.0,22.5,sport,sleep/rest,0.0,1.0,0.7,0.10144927536231885,0.6004830917874396
37,4-1-2025 12:17:59,"Business, Finance & Econometrics",yes,0,mu,nee,male,yes,]2000-2005],490,75,0,7,00:45,Booking tickets,drinking beers,490.0,75.0,0.0,7.0,0.75,holiday,alchol/drugs,2.25,0.8106591865357644,0.25,0.0,0.3535530621785881
38,4-1-2025 12:17:59,Computer Science & Technology,yes,1,mu,ja,female,yes,]1995-2000],300,10,2,77945354356758979022123,00:30,seeing friends,no work,300.0,10.0,2.0,7.794535435675898e+22,0.5,friends/family,study/work,2.0,0.8316970546984572,0.9,0.028985507246376812,0.5868941873149447
39,4-1-2025 12:18:01,AI & Data Science,yes,0,unknown,ja,female,yes,]2000-2005],450,10,3,1934,01:30,Nice weather,No work,450.0,10.0,3.0,1934.0,1.5,weather,study/work,3.0,0.7475455820476858,0.9,0.043478260869565216,0.5636746143057504
40,4-1-2025 12:18:03,AI & Data Science,no,0,mu,ja,female,yes,]2000-2005],550,50,8,8,00:30,Good food,Sun ,550.0,50.0,8.0,8.0,0.5,food,weather,2.0,0.8316970546984572,0.5,0.11594202898550725,0.48254636122798816
41,4-1-2025 12:18:04,AI & Data Science,yes,0,mu,ja,male,yes,]2000-2005],350,45,4,69420,23:30,Feeling energized,Reaching the goals I set for myself that day,350.0,45.0,4.0,69420.0,23.5,mood,study/work,1.0,0.9158485273492286,0.55,0.057971014492753624,0.5079398472806608
42,4-1-2025 12:18:05,"Business, Finance & Econometrics",yes,0,mu,ja,male,yes,]2000-2005],300,5,8,14,12,Sports,Friends,300.0,5.0,8.0,14.0,0.0,sport,friends/family,1.5,0.8737727910238429,0.95,0.11594202898550725,0.6465716066697834
43,4-1-2025 12:18:06,"Business, Finance & Econometrics",yes,1,mu,ja,female,yes,]2000-2005],450,89,7,69,23:40,Bubble tea,Dog,450.0,89.0,7.0,69.0,23.666666666666668,food,friends/family,1.1666666666666679,0.9018232819074332,0.10999999999999999,0.10144927536231885,0.37109085242325063
44,4-1-2025 12:18:06,"Business, Finance & Econometrics",yes,1,mu,ja,male,no,]1995-2000],350,0,4,14,3,No school,High grade,350.0,0.0,4.0,14.0,3.0,sleep/rest,study/work,4.5,0.6213183730715288,1.0,0.057971014492753624,0.5597631291880941
45,4-1-2025 12:18:06,AI & Data Science,yes,unknown,mu,ja,male,not willing to say,]2000-2005],200,49,7,420,2am,Warm,Sun,200.0,49.0,7.0,420.0,2.0,weather,weather,3.5,0.7054698457223001,0.51,0.10144927536231885,0.43897304036153967
46,4-1-2025 12:18:07,AI & Data Science,yes,1,mu,ja,male,yes,]2000-2005],600,1000,4,66,1am,Going to gym,Weed,293.3233333333333,25.981499999999997,4.0,66.0,1.0,sport,alchol/drugs,2.5,0.7896213183730715,0.7401850000000001,0.057971014492753624,0.5292591109552751
47,4-1-2025 12:18:07,AI & Data Science,yes,1,mu,ja,male,yes,]2000-2005],200,0,69,199389299284884742829r7747r8e9w929e94747uch38838udud8388383838e8e8e8e8e8e8d8du8s888x8d88d8u,2:00,Ajax winning,Drugs,200.0,0.0,69.0,1.2071988142093626e+59,2.0,mood,alchol/drugs,3.5,0.7054698457223001,1.0,1.0,0.9018232819074333
48,4-1-2025 12:18:08,AI & Data Science,yes,1,mu,ja,female,yes,]2000-2005],320,70,12,4,23:59,Sun,Interacting with my loved ones,320.0,70.0,12.0,4.0,23.983333333333334,weather,friends/family,1.4833333333333343,0.8751753155680224,0.30000000000000004,0.17391304347826086,0.4496961196820945
49,4-1-2025 12:18:08,Computer Science & Technology,no,0,mu,ja,male,yes,]2000-2005],200,30,5,2324234234234432434,12,nothing to do,can do anything,200.0,30.0,5.0,2.3242342342344325e+18,0.0,sleep/rest,sleep/rest,1.5,0.8737727910238429,0.7,0.07246376811594203,0.5487455197132617
50,4-1-2025 12:18:08,Computer Science & Technology,yes,1,sigma,ja,not willing to answer,not willing to say,]1995-2000],300,72,2,73,00:00,Beer ,Wine ,300.0,72.0,2.0,73.0,0.0,alchol/drugs,alchol/drugs,1.5,0.8737727910238429,0.28,0.028985507246376812,0.3942527660900732
51,4-1-2025 12:18:10,Computer Science & Technology,yes,1,mu,ja,male,no,]1995-2000],350,5,9,-1,01:00,A cold beer,Kissing the homies for good night ,350.0,5.0,9.0,-1.0,1.0,alchol/drugs,joke,2.5,0.7896213183730715,0.95,0.13043478260869565,0.623352033660589
52,4-1-2025 12:18:11,AI & Data Science,yes,0,sigma,nee,intersex,yes,not possible,450,60,3,358,04:00,Happy,Friends,450.0,60.0,3.0,358.0,4.0,mood,friends/family,5.5,0.5371669004207573,0.4,0.043478260869565216,0.3268817204301075
53,4-1-2025 12:18:11,AI & Data Science,no,0,mu,ja,female,yes,]1995-2000],150,60,2,42,2am,Good meal,Sunny day,150.0,60.0,2.0,42.0,2.0,food,weather,3.5,0.7054698457223001,0.4,0.028985507246376812,0.37815178432289226
54,4-1-2025 12:18:12,AI & Data Science,yes,1,sigma,ja,not willing to answer,yes,not possible,375,6,10,61,23-00,Az winning,Went to the gym,375.0,6.0,10.0,61.0,23.0,mood,sport,0.5,0.9579242636746144,0.94,0.14492753623188406,0.6809505999688329
55,4-1-2025 12:18:12,AI & Data Science,yes,0,mu,ja,male,yes,]1995-2000],200,13,6,7,00:00,Sunny,Pilsie,200.0,13.0,6.0,7.0,0.0,weather,alchol/drugs,1.5,0.8737727910238429,0.87,0.08695652173913043,0.6102431042543244
56,4-1-2025 12:18:13,AI & Data Science,yes,1,mu,ja,male,yes,]2000-2005],350,0,5,69,4am,Free time,Videogames,350.0,0.0,5.0,69.0,4.0,sleep/rest,sport,5.5,0.5371669004207573,1.0,0.07246376811594203,0.5365435561788998
57,4-1-2025 12:18:13,"Business, Finance & Econometrics",yes,0,mu,nee,female,yes,]2000-2005],500,2,4,7,01.00,"Sun, good food, being productive",Travelling,500.0,2.0,4.0,7.0,1.0,weather,holiday,2.5,0.7896213183730715,0.98,0.057971014492753624,0.6091974442886083
58,4-1-2025 12:18:13,AI & Data Science,no,0,mu,unknown,male,yes,]1995-2000],400,60,6,87,00.30,Praying 5 times on time,Seeing my parents and my younger brother doing fine,400.0,60.0,6.0,87.0,0.5,friends/family,friends/family,2.0,0.8316970546984572,0.4,0.08695652173913043,0.4395511921458626
59,4-1-2025 12:18:14,AI & Data Science,no,0,mu,ja,male,yes,]2000-2005],187,11,7,6969696,2.30,Gym,Edda,187.0,11.0,7.0,6969696.0,2.5,sport,study/work,4.0,0.6633941093969145,0.89,0.10144927536231885,0.5516144615864111
60,4-1-2025 12:18:14,AI & Data Science,yes,1,mu,ja,female,not willing to say,]2000-2005],500,60,6,5,1am,sun,more sun ,500.0,60.0,6.0,5.0,1.0,weather,weather,2.5,0.7896213183730715,0.4,0.08695652173913043,0.4255259467040673
61,4-1-2025 12:18:14,AI & Data Science Science,no,0,mu,ja,female,yes,]1995-2000],350,35,7,95836,1 AM,Getting enough sleep,Healthy breakfast,350.0,35.0,7.0,95836.0,1.0,sleep/rest,food,2.5,0.7896213183730715,0.65,0.10144927536231885,0.5136901979117968
62,4-1-2025 12:18:16,AI & Data Science,yes,unknown,mu,unknown,male,no,]1990-1995],300,15,5,Random,12:00 pm,A good day,A bad day,300.0,15.0,5.0,1e+184,0.0,joke,joke,1.5,0.8737727910238429,0.85,0.07246376811594203,0.5987455197132616
63,4-1-2025 12:18:16,Computer Science & Technology,yes,1,mu,ja,female,yes,]1995-2000],400,66,6,12,23:30,Sunny weather ,Good grades ,400.0,66.0,6.0,12.0,23.5,weather,study/work,1.0,0.9158485273492286,0.33999999999999997,0.08695652173913043,0.44760168302945297
64,4-1-2025 12:18:17,AI & Data Science,yes,0,mu,nee,female,yes,]2000-2005],80,80,6,47,22.00,Sunny day spent with friends ,going to a rave,80.0,80.0,6.0,47.0,22.0,weather,alchol/drugs,0.5,0.9579242636746144,0.19999999999999996,0.08695652173913043,0.41496026180458156
65,4-1-2025 12:18:17,AI & Data Science,no,0,sigma,ja,not willing to answer,yes,not possible,500,100,2,89,5,Sun,Sun,500.0,100.0,2.0,89.0,5.0,weather,weather,6.5,0.45301542776998593,0.0,0.028985507246376812,0.1606669783387876
66,4-1-2025 12:18:18,Computer Science & Technology,yes,1,unknown,ja,female,yes,]2000-2005],450,20,0,8,11,Rain,Chocolate,450.0,20.0,0.0,8.0,11.0,weather,food,11.5,0.032258064516129004,0.8,0.0,0.27741935483870966
67,4-1-2025 12:18:18,AI & Data Science,yes,0,mu,nee,male,yes,]2000-2005],450,90,10,4141,12:30am,When the sun is out,Having the time to run,450.0,90.0,10.0,4141.0,0.5,weather,sport,2.0,0.8316970546984572,0.09999999999999998,0.14492753623188406,0.3588748636434471
68,4-1-2025 12:18:19,"Business, Finance & Econometrics",yes,unknown,mu,nee,male,not willing to say,]2000-2005],220,40,9,15,23:00,Get a lot of sleep(at least 8 hours),Eat good food,220.0,40.0,9.0,15.0,23.0,sleep/rest,food,0.5,0.9579242636746144,0.6,0.13043478260869565,0.5627863487611033
69,4-1-2025 12:18:19,AI & Data Science,yes,1,mu,ja,non-binary,not willing to say,]2000-2005],250,30,4,6,2,happiness ,sun,250.0,30.0,4.0,6.0,2.0,mood,weather,3.5,0.7054698457223001,0.7,0.057971014492753624,0.48781362007168455
70,4-1-2025 12:18:20,AI & Data Science,yes,0,mu,ja,male,yes,]2000-2005],430,30,8,37,00:30,Doing things I want to do,Not having to do things I don't want to do,430.0,30.0,8.0,37.0,0.5,study/work,sleep/rest,2.0,0.8316970546984572,0.7,0.11594202898550725,0.5492130278946549
71,4-1-2025 12:18:20,AI & Data Science,yes,1,mu,ja,female,yes,]1995-2000],500,65,4,168,23:00,sun,not encountering a stressful situation,500.0,65.0,4.0,168.0,23.0,weather,mood,0.5,0.9579242636746144,0.35,0.057971014492753624,0.45529842605578935
72,4-1-2025 12:18:20,AI & Data Science,yes,0,mu,ja,male,yes,]2000-2005],250,200,5,42,23:00,Sex,Alcohol ,250.0,41.35333333333333,5.0,42.0,23.0,friends/family,alchol/drugs,0.5,0.9579242636746144,0.5864666666666667,0.07246376811594203,0.5389515661524077
73,4-1-2025 12:18:20,"Business, Finance & Econometrics",yes,1,mu,ja,male,yes,]2000-2005],350,42,10,5347833,2300,Good food and no econometrics courses,"Sun, exercise and beer",350.0,42.0,10.0,5347833.0,23.0,food,weather,0.5,0.9579242636746144,0.5800000000000001,0.14492753623188406,0.5609505999688328
74,4-1-2025 12:18:20,Computer Science & Technology,no,1,unknown,nee,male,yes,]2000-2005],380,99999,10,7777,2 pm,weed,alcohol,380.0,38.24,10.0,7777.0,14.0,alchol/drugs,alchol/drugs,8.5,0.28471248246844316,0.6175999999999999,0.14492753623188406,0.34908000623344243
75,4-1-2025 12:18:21,Computer Science & Technology,yes,0,mu,ja,female,yes,]1995-2000],5,60,4,8,23,Sunshine,Friends ,5.0,60.0,4.0,8.0,23.0,weather,friends/family,0.5,0.9579242636746144,0.4,0.057971014492753624,0.47196509272245596
76,4-1-2025 12:18:22,AI & Data Science,yes,0,mu,unknown,male,yes,]1995-2000],350,15,6,42,23:00,Good weather,Chilling,350.0,15.0,6.0,42.0,23.0,weather,sleep/rest,0.5,0.9579242636746144,0.85,0.08695652173913043,0.6316269284712482
77,4-1-2025 12:18:22,AI & Data Science,yes,1,mu,ja,female,yes,]2000-2005],400,30,4,77,23:55,Sunny weather,Good food,400.0,30.0,4.0,77.0,23.916666666666668,weather,food,1.4166666666666679,0.8807854137447404,0.7,0.057971014492753624,0.5462521427458313
78,4-1-2025 12:18:26,AI & Data Science,yes,unknown,mu,ja,female,yes,]2000-2005],330,47,12,30,23:45,Good food,Sun,330.0,47.0,12.0,30.0,23.75,food,weather,1.25,0.8948106591865358,0.53,0.17391304347826086,0.5329079008882656
79,4-1-2025 12:18:26,AI & Data Science,yes,0,mu,ja,female,yes,]2000-2005],350,10,12,3,2am,sun,good food,350.0,10.0,12.0,3.0,2.0,weather,food,3.5,0.7054698457223001,0.9,0.17391304347826086,0.5931276297335203
80,4-1-2025 12:18:27,Computer Science & Technology,yes,1,unknown,nee,male,yes,]2000-2005],200,20,15,6,1:30am,delicious food,alcohol dose,200.0,20.0,15.0,6.0,1.5,food,alchol/drugs,3.0,0.7475455820476858,0.8,0.21739130434782608,0.5883122954651707
81,4-1-2025 12:18:27,AI & Data Science,yes,1,sigma,ja,male,yes,]2000-2005],250,20,3,42,0:30,no responsibilities,nice weather,250.0,20.0,3.0,42.0,0.5,sleep/rest,weather,2.0,0.8316970546984572,0.8,0.043478260869565216,0.5583917718560075
82,4-1-2025 12:18:27,"Business, Finance & Econometrics",yes,1,mu,ja,male,yes,]2000-2005],385,6,7,10,00:00,Food,Sun,385.0,6.0,7.0,10.0,0.0,food,weather,1.5,0.8737727910238429,0.94,0.10144927536231885,0.6384073554620538
83,4-1-2025 12:18:28,AI & Data Science,yes,0,mu,nee,female,yes,]2000-2005],390,37,4,197367,1am,Sun ,Good food,390.0,37.0,4.0,197367.0,1.0,weather,food,2.5,0.7896213183730715,0.63,0.057971014492753624,0.4925307776219417
84,4-1-2025 12:18:28,"Business, Finance & Econometrics",yes,0,mu,ja,male,yes,]2000-2005],375,50,4,1,12,Travel,Active,375.0,50.0,4.0,1.0,0.0,holiday,sport,1.5,0.8737727910238429,0.5,0.057971014492753624,0.4772479351721988
85,4-1-2025 12:18:30,AI & Data Science,yes,1,sigma,ja,male,yes,]2000-2005],195,0,10,7,12:34,Not having looking for x ,Spots,195.0,0.0,10.0,7.0,0.5666666666666664,joke,sport,2.0666666666666664,0.8260869565217391,1.0,0.14492753623188406,0.6570048309178744
86,4-1-2025 12:18:31,Computer Science & Technology,no,0,sigma,nee,gender fluid,yes,-,300,30,4,73,1,Sun,Sub,300.0,30.0,4.0,73.0,1.0,weather,weather,2.5,0.7896213183730715,0.7,0.057971014492753624,0.5158641109552751
87,4-1-2025 12:18:31,Health & Life Sciences,no,1,mu,nee,female,yes,]2000-2005],234,40,7,8,23:30,Coffee,Running in the sun,234.0,40.0,7.0,8.0,23.5,food,sport,1.0,0.9158485273492286,0.6,0.10144927536231885,0.5390992675705158
88,4-1-2025 12:18:31,Computer Science & Technology,yes,1,mu,ja,other,yes,not possible,330,Over 9000,0,37,5am,Got nothing to do,Interesting activities,330.0,55.92,0.0,37.0,5.0,sleep/rest,sport,6.5,0.45301542776998593,0.44079999999999997,0.0,0.2979384759233286
89,4-1-2025 12:18:32,AI & Data Science,yes,unknown,mu,nee,male,yes,]1995-2000],480,75,3,7,1,Achivements,Socialising,480.0,75.0,3.0,7.0,1.0,study/work,friends/family,2.5,0.7896213183730715,0.25,0.043478260869565216,0.36103319308087883
90,4-1-2025 12:18:33,AI & Data Science,yes,unknown,mu,ja,male,yes,]2000-2005],291,79,0,74,2 am,Being with someone i love,No assignment deadline!!!,291.0,79.0,0.0,74.0,2.0,friends/family,sleep/rest,3.5,0.7054698457223001,0.20999999999999996,0.0,0.3051566152407667
91,4-1-2025 12:18:33,Computer Science & Technology,yes,1,sigma,ja,male,not willing to say,]1995-2000],550,42.0,4,69,00:40,Eating burrata,Eating pasta,550.0,42.0,4.0,69.0,0.6666666666666666,food,food,2.166666666666668,0.8176718092566619,0.5800000000000001,0.057971014492753624,0.48521427458313854
92,4-1-2025 12:18:34,AI & Data Science,yes,0,mu,ja,female,yes,]2000-2005],200,30,0,7,1:30,My boyfriend,My friends ,200.0,30.0,0.0,7.0,1.5,friends/family,friends/family,3.0,0.7475455820476858,0.7,0.0,0.4825151940158953
93,4-1-2025 12:18:34,Computer Science & Technology,yes,0,mu,ja,female,yes,]1995-2000],500,100,3,3,12:45,Cats,Sun,500.0,100.0,3.0,3.0,0.75,friends/family,weather,2.25,0.8106591865357644,0.0,0.043478260869565216,0.2847124824684432
94,4-1-2025 12:18:34,AI & Data Science,yes,1,unknown,ja,intersex,not willing to say,]2000-2005],420,100,8,40,11:35,-1,-2,420.0,100.0,8.0,40.0,11.583333333333334,food,friends/family,10.916666666666666,0.0813464235624124,0.0,0.11594202898550725,0.06576281751597322
95,4-1-2025 12:18:34,AI & Data Science,no,0,sigma,nee,female,yes,]2000-2005],200,10,8,11,1:00,Delicious food,Nice weather,200.0,10.0,8.0,11.0,1.0,food,weather,2.5,0.7896213183730715,0.9,0.11594202898550725,0.6018544491195262
96,4-1-2025 12:18:35,"Business, Finance & Econometrics",yes,1,mu,ja,male,not willing to say,]2000-2005],350,85,7,4,01:30,A beer after a exam,Seeing my dog,350.0,85.0,7.0,4.0,1.5,alchol/drugs,friends/family,3.0,0.7475455820476858,0.15000000000000002,0.10144927536231885,0.3329982858033349
97,4-1-2025 12:18:35,AI & Data Science,yes,1,unknown,ja,female,yes,]2000-2005],289,40,6,"9,582E+12",23:25,Sun,Good exam result,289.0,40.0,6.0,4.9546436011725234e+119,23.416666666666668,weather,study/work,0.9166666666666679,0.9228611500701261,0.6,0.08695652173913043,0.5366058906030855
98,4-1-2025 12:18:36,"Business, Finance & Econometrics",yes,1,mu,ja,female,not willing to say,not possible,400,40,3,9,21:45,Sleeping in,No assignments,400.0,40.0,3.0,9.0,21.75,sleep/rest,sleep/rest,0.75,0.9368863955119214,0.6,0.043478260869565216,0.5267882187938289
99,4-1-2025 12:18:36,AI & Data Science,yes,0,mu,ja,male,yes,]2000-2005],350,25,20,40,23:00,feeling good ,productive,350.0,25.0,20.0,40.0,23.0,mood,study/work,0.5,0.9579242636746144,0.75,0.2898550724637681,0.6659264453794608
100,4-1-2025 12:18:37,AI & Data Science,yes,0,mu,nee,male,yes,]2000-2005],250,0,7,69,23:00,Sun,Sports,250.0,0.0,7.0,69.0,23.0,weather,sport,0.5,0.9579242636746144,1.0,0.10144927536231885,0.6864578463456444
101,4-1-2025 12:18:37,AI & Data Science,yes,0,mu,nee,male,not willing to say,]2000-2005],250,110,5,42,0:30,Doggo,Food,250.0,57.02,5.0,42.0,0.5,friends/family,food,2.0,0.8316970546984572,0.42979999999999996,0.07246376811594203,0.44465360760479977
102,4-1-2025 12:18:37,AI & Data Science,yes,unknown,mu,nee,not willing to answer,yes,not possible,70000,900,10,7,23:00,Good talks,Productivity,362.64,65.83,10.0,7.0,23.0,friends/family,study/work,0.5,0.9579242636746144,0.3417,0.14492753623188406,0.48151726663549943
103,4-1-2025 12:18:38,AI & Data Science,yes,1,mu,nee,male,yes,]1995-2000],250,60,4,89867,23:30,Cats,Candy,250.0,60.0,4.0,89867.0,23.5,friends/family,food,1.0,0.9158485273492286,0.4,0.057971014492753624,0.4579398472806608
104,4-1-2025 12:18:38,AI & Data Science,yes,0,mu,nee,female,not willing to say,]2000-2005],600,40,0,658,7pm,money,love,271.07,40.0,0.0,658.0,19.0,money,friends/family,3.5,0.7054698457223001,0.6,0.0,0.4351566152407667
105,4-1-2025 12:18:39,AI & Data Science,yes,0,mu,ja,male,yes,]2000-2005],600,22,5,236,11:33 PM,eating good food,having a nice nap,357.36,22.0,5.0,236.0,23.55,food,sleep/rest,1.0500000000000007,0.91164095371669,0.78,0.07246376811594203,0.588034907277544
106,4-1-2025 12:18:39,AI & Data Science,yes,1,unknown,ja,female,yes,]2000-2005],150,20,4,11,12,Good sleep,No uni,150.0,20.0,4.0,11.0,0.0,sleep/rest,sleep/rest,1.5,0.8737727910238429,0.8,0.057971014492753624,0.5772479351721989
107,4-1-2025 12:18:39,Computer Science & Technology,yes,0,unknown,ja,not willing to answer,yes,]1995-2000],300,13,6,1738,2,People,Food,300.0,13.0,6.0,1738.0,2.0,friends/family,food,3.5,0.7054698457223001,0.87,0.08695652173913043,0.5541421224871436
108,4-1-2025 12:18:40,"Business, Finance & Econometrics",yes,1,mu,ja,male,yes,]2000-2005],425,5,3,4,23:00,Hanging out with friends,No responsibilities,425.0,5.0,3.0,4.0,23.0,friends/family,sleep/rest,0.5,0.9579242636746144,0.95,0.043478260869565216,0.6504675081813932
109,4-1-2025 12:18:41,"Business, Finance & Econometrics",yes,0,unknown,ja,male,yes,]2000-2005],287,23,23,184365902143674301,22:40,Sports,Friends,287.0,23.0,23.0,1.843659021436743e+17,22.666666666666668,sport,friends/family,0.16666666666666785,0.9859747545582047,0.77,0.3333333333333333,0.6964360292971793
110,4-1-2025 12:18:41,AI & Data Science,yes,0,mu,ja,male,no,]1995-2000],300,100,0,7,23:00,Not going to uni,No deadlines,300.0,100.0,0.0,7.0,23.0,sleep/rest,sleep/rest,0.5,0.9579242636746144,0.0,0.0,0.31930808789153814
111,4-1-2025 12:18:41,AI & Data Science,no,0,sigma,ja,male,yes,]2000-2005],300,30,7,9,00:30,Sports,Good sleep,300.0,30.0,7.0,9.0,0.5,sport,sleep/rest,2.0,0.8316970546984572,0.7,0.10144927536231885,0.5443821100202587
112,4-1-2025 12:18:43,Computer Science & Technology,no,0,sigma,nee,female,yes,]1995-2000],220,67,4,4,4am,I take the ADHD medicine ,go out with friends ,220.0,67.0,4.0,4.0,4.0,alchol/drugs,friends/family,5.5,0.5371669004207573,0.32999999999999996,0.057971014492753624,0.30837930497117033
113,4-1-2025 12:18:44,AI & Data Science,no,0,mu,ja,male,yes,]1990-1995],300,1,7,33,1:00,No assignments need to do,No lectures,300.0,1.0,7.0,33.0,1.0,sleep/rest,sleep/rest,2.5,0.7896213183730715,0.99,0.10144927536231885,0.6270235312451301
114,4-1-2025 12:18:44,AI & Data Science,yes,unknown,unknown,unknown,male,yes,]1995-2000],500,69,10,69,Midnight,Sun,Friends,500.0,69.0,10.0,69.0,0.0,weather,friends/family,1.5,0.8737727910238429,0.31000000000000005,0.14492753623188406,0.4429001090852423
115,4-1-2025 12:18:44,Computer Science & Technology,yes,0,unknown,ja,male,no,]1995-2000],483,œÄ¬©,3,64,3AM,Sleep,Food,483.0,51.14,3.0,64.0,3.0,sleep/rest,food,4.5,0.6213183730715288,0.48860000000000003,0.043478260869565216,0.3844655446470313
116,4-1-2025 12:18:44,AI & Data Science,yes,1,mu,ja,male,yes,]1995-2000],approx 300,75,4,314.159.265.359,23:00,Passing EDDA,The sun,300.0,75.0,4.0,4.9546436011725234e+119,23.0,study/work,weather,0.5,0.9579242636746144,0.25,0.057971014492753624,0.421965092722456
117,4-1-2025 12:18:44,AI & Data Science,yes,1,mu,nee,female,yes,]2000-2005],450,60,1,44,23:30,Nice weather,Free time,450.0,60.0,1.0,44.0,23.5,weather,sleep/rest,1.0,0.9158485273492286,0.4,0.014492753623188406,0.44344709365747237
118,4-1-2025 12:18:45,AI & Data Science,no,0,mu,ja,male,yes,]2000-2005],240,100,2,8,03:00,no studying,gaming,240.0,100.0,2.0,8.0,3.0,sleep/rest,sport,4.5,0.6213183730715288,0.0,0.028985507246376812,0.21676796010596855
119,4-1-2025 12:18:45,Math,yes,1,mu,ja,male,yes,]1995-2000],357,7,5,69420,3am,You :),You again :),357.0,7.0,5.0,69420.0,3.0,joke,joke,4.5,0.6213183730715288,0.9299999999999999,0.07246376811594203,0.541260713729157
120,4-1-2025 12:18:46,"Business, Finance & Econometrics",yes,0,mu,ja,male,yes,]1995-2000],500,40,2,1,01:23,Making someone smile,Smiling,500.0,40.0,2.0,1.0,1.3833333333333333,friends/family,mood,2.883333333333333,0.7573632538569426,0.6,0.028985507246376812,0.46211625370110637
121,4-1-2025 12:18:46,AI & Data Science,no,0,mu,nee,male,yes,]2000-2005],297,69,6,426,2300,"Mild weather, no lectures, good food","No assignments, no exam stress",297.0,69.0,6.0,426.0,23.0,weather,sleep/rest,0.5,0.9579242636746144,0.31000000000000005,0.08695652173913043,0.45162692847124825
122,4-1-2025 12:18:46,AI & Data Science,no,unknown,unknown,unknown,male,not willing to say,]2000-2005],500,80,6,5,8,eating,play ,500.0,80.0,6.0,5.0,8.0,food,sport,9.5,0.20056100981767178,0.19999999999999996,0.08695652173913043,0.16250584385226738
123,4-1-2025 12:18:46,"Business, Finance & Econometrics",yes,0,mu,nee,male,yes,]1995-2000],300,20,8,891230124,01:30,Friends,Activity and food,300.0,20.0,8.0,891230124.0,1.5,friends/family,sport,3.0,0.7475455820476858,0.8,0.11594202898550725,0.5544958703443977
124,4-1-2025 12:18:47,"Business, Finance & Econometrics",yes,unknown,mu,ja,female,yes,]2000-2005],480,0,8,10,23,Peace,Nature,480.0,0.0,8.0,10.0,23.0,mood,sport,0.5,0.9579242636746144,1.0,0.11594202898550725,0.6912887642200406
125,4-1-2025 12:18:47,AI & Data Science,yes,0,mu,nee,male,yes,]1995-2000],350,20,8,124,23:30,Sports,Focus,350.0,20.0,8.0,124.0,23.5,sport,mood,1.0,0.9158485273492286,0.8,0.11594202898550725,0.6105968521115787
126,4-1-2025 12:18:48,AI & Data Science,no,0,mu,nee,male,yes,]1965-1970],300,55,6,47,00:31,Motorcycle ride,Social interaction,300.0,55.0,6.0,47.0,0.5166666666666667,sport,friends/family,2.0166666666666657,0.8302945301542778,0.44999999999999996,0.08695652173913043,0.45575035063113606
127,4-1-2025 12:18:48,Computer Science & Technology,yes,1,sigma,ja,intersex,not willing to say,]2000-2005],500,100,3,420,2am,Studying,Learning,500.0,100.0,3.0,420.0,2.0,study/work,study/work,3.5,0.7054698457223001,0.0,0.043478260869565216,0.24964936886395508
128,4-1-2025 12:18:48,AI & Data Science,yes,1,mu,ja,male,yes,]2000-2005],366,57,6,9999999999,00:40,go out of the house ,play a sport and instrument ,366.0,57.0,6.0,9999999999.0,0.6666666666666666,sport,sport,2.166666666666668,0.8176718092566619,0.43000000000000005,0.08695652173913043,0.4448761103319308
129,4-1-2025 12:18:49,AI & Data Science,no,1,mu,ja,male,yes,]2000-2005],300,15,8,67,00:30,Doing a sport,Playing my bass guitar,300.0,15.0,8.0,67.0,0.5,sport,sport,2.0,0.8316970546984572,0.85,0.11594202898550725,0.5992130278946548
130,4-1-2025 12:18:49,AI & Data Science,yes,0,mu,nee,male,yes,]2000-2005],300,45,4,23,2,beer,another beer,300.0,45.0,4.0,23.0,2.0,alchol/drugs,alchol/drugs,3.5,0.7054698457223001,0.55,0.057971014492753624,0.4378136200716846
131,4-1-2025 12:18:49,Computer Science & Technology,yes,0,unknown,ja,male,yes,]1995-2000],123,90,4,√ò,3:54,grounded,"social, speding quality time with friends",123.0,90.0,4.0,4.9546436011725234e+119,3.9,mood,friends/family,5.399999999999999,0.5455820476858346,0.09999999999999998,0.057971014492753624,0.23451768739286274
132,4-1-2025 12:18:49,Computer Science & Technology,yes,1,unknown,ja,male,yes,not possible,300ish?,75,3,81,3 AM x),Chilling with buddies,GAMING,300.0,75.0,3.0,81.0,3.0,friends/family,sport,4.5,0.6213183730715288,0.25,0.043478260869565216,0.304932211313698
133,4-1-2025 12:18:49,AI & Data Science,no,1,mu,ja,male,yes,]2000-2005],450,101,168,3737,1,Money,Less money,450.0,35.3,8.785,3737.0,1.0,money,joke,2.5,0.7896213183730715,0.647,0.12731884057971016,0.5213133863175939
134,4-1-2025 12:18:50,AI & Data Science,yes,1,mu,ja,male,yes,]2000-2005],125,101,4.5,245819732157863251872726618812736168172715169485342146436918753,23:00,good food,finish task,125.0,26.921333333333333,4.5,2.4581973215786324e+62,23.0,food,study/work,0.5,0.9579242636746144,0.7307866666666667,0.06521739130434782,0.5846427738818764
135,4-1-2025 12:18:51,AI & Data Science,no,0,mu,ja,male,yes,]1995-2000],200,65,3,4,02:00,Coffee,Motivation ,200.0,65.0,3.0,4.0,2.0,food,mood,3.5,0.7054698457223001,0.35,0.043478260869565216,0.3663160355306218
136,4-1-2025 12:18:51,AI & Data Science,yes,0,sigma,ja,male,yes,]2000-2005],378,-10,2h,cleanMe12,4am,gezelligheid,see above,378.0,22.083333333333336,2.0,12.0,4.0,mood,joke,5.5,0.5371669004207573,0.7791666666666667,0.028985507246376812,0.4484396914446002
137,4-1-2025 12:18:52,AI & Data Science,yes,1,mu,ja,female,not willing to say,]2000-2005],Around 200,30,5,13,11:30pm,Productivity,Nice weather,200.0,30.0,5.0,13.0,23.5,study/work,weather,1.0,0.9158485273492286,0.7,0.07246376811594203,0.5627707651550569
138,4-1-2025 12:18:53,Computer Science & Technology,yes,unknown,mu,nee,female,yes,]1995-2000],400,40,10,3,12,workout,sun,400.0,40.0,10.0,3.0,0.0,sport,weather,1.5,0.8737727910238429,0.6,0.14492753623188406,0.5395667757519089
139,4-1-2025 12:18:53,AI & Data Science,yes,1,sigma,ja,male,not willing to say,]2000-2005],390,101,3,7,5am,A day outside,Jamming with the homies,390.0,37.2895,3.0,7.0,5.0,sport,friends/family,6.5,0.45301542776998593,0.627105,0.043478260869565216,0.37453289621318375
140,4-1-2025 12:18:53,AI & Data Science,yes,1,mu,nee,male,yes,]2000-2005],500,25,5,27,23:30,Waking up refreshed,exercise,500.0,25.0,5.0,27.0,23.5,mood,sport,1.0,0.9158485273492286,0.75,0.07246376811594203,0.5794374318217236
141,4-1-2025 12:18:53,AI & Data Science,yes,0,unknown,nee,male,yes,]2000-2005],300,99,7,77,1:30,no class,nice weather,300.0,99.0,7.0,77.0,1.5,sleep/rest,weather,3.0,0.7475455820476858,0.010000000000000009,0.10144927536231885,0.2863316191366682
142,4-1-2025 12:18:53,AI & Data Science,no,0,sigma,nee,male,yes,]2000-2005],280,40,6,18282,22:00,Nice weather,Nice girls,280.0,40.0,6.0,18282.0,22.0,weather,alchol/drugs,0.5,0.9579242636746144,0.6,0.08695652173913043,0.548293595137915
143,4-1-2025 12:18:54,Computer Science & Technology,yes,0,mu,nee,female,not willing to say,]1995-2000],450,80,3,17,00:30,sleeping,going for a walk,450.0,80.0,3.0,17.0,0.5,sleep/rest,sport,2.0,0.8316970546984572,0.19999999999999996,0.043478260869565216,0.35839177185600746
144,4-1-2025 12:18:55,Health & Life Sciences,yes,1,sigma,ja,male,no,]1995-2000],150,0,8,75,5:00am,Fun,Fun 2,150.0,0.0,8.0,75.0,5.0,mood,mood,6.5,0.45301542776998593,1.0,0.11594202898550725,0.5229858189184977
145,4-1-2025 12:18:55,"Business, Finance & Econometrics",no,unknown,sigma,ja,male,yes,]2000-2005],230,69,15,46.789.901.874.822.500,22:00,Reaching my calory goal,Sleeping 8 hours,230.0,69.0,15.0,1e+184,22.0,sport,sleep/rest,0.5,0.9579242636746144,0.31000000000000005,0.21739130434782608,0.49510518934081355
146,4-1-2025 12:18:55,AI & Data Science,yes,0,mu,ja,female,yes,]2000-2005],250,50,0üò≠üò≠üò≠,3,12:30,feeling productive,socializing ,250.0,50.0,0.0,3.0,0.5,study/work,friends/family,2.0,0.8316970546984572,0.5,0.0,0.4438990182328191
147,4-1-2025 12:18:55,AI & Data Science,yes,0,unknown,ja,male,not willing to say,]2000-2005],118,24,6,31,12.30,Low stress,Progress,118.0,24.0,6.0,31.0,0.5,mood,study/work,2.0,0.8316970546984572,0.76,0.08695652173913043,0.5595511921458626
148,4-1-2025 12:18:56,Computer Science & Technology,no,1,sigma,ja,female,yes,]2000-2005],375,30,6,3,23:30,Sun,-,375.0,30.0,6.0,3.0,23.5,weather,food,1.0,0.9158485273492286,0.7,0.08695652173913043,0.5676016830294529
149,4-1-2025 12:18:56,"Business, Finance & Econometrics",yes,1,sigma,ja,female,yes,]2000-2005],Idk,40,10,13,23:30,Stick to my daily routine,Connect with some good person,354.46,40.0,10.0,13.0,23.5,study/work,friends/family,1.0,0.9158485273492286,0.6,0.14492753623188406,0.5535920211937042
150,4-1-2025 12:18:56,Computer Science & Technology,yes,0,mu,ja,not willing to answer,no,]1995-2000],460,30,zero,achtduizendvierhonderdvijfendertig komma zesenvijftig,around midnight,no lectures,sleeping,460.0,30.0,9.615,4.9546436011725234e+119,0.0,sleep/rest,sleep/rest,1.5,0.8737727910238429,0.7,0.13934782608695653,0.5710402057035998
151,4-1-2025 12:18:56,"Business, Finance & Econometrics",yes,1,mu,ja,female,yes,]2000-2005],200,30,5,"1,73425E+14",22:30,Running in the morning,Meeting new people,200.0,30.0,5.0,8435.65,22.5,sport,friends/family,0.0,1.0,0.7,0.07246376811594203,0.5908212560386473
152,4-1-2025 12:18:57,AI & Data Science,yes,1,mu,ja,male,yes,]1995-2000],300,0,4,271828,23u30,Good sleep,Free time,300.0,0.0,4.0,271828.0,23.5,sleep/rest,sleep/rest,1.0,0.9158485273492286,1.0,0.057971014492753624,0.6579398472806608
153,4-1-2025 12:18:57,Computer Science & Technology,yes,0,mu,ja,male,yes,]1995-2000],400,10,10,21,00:30,Sun and good food,Good food and sun,400.0,10.0,10.0,21.0,0.5,weather,food,2.0,0.8316970546984572,0.9,0.14492753623188406,0.6255415303101138
154,4-1-2025 12:18:58,AI & Data Science,no,0,unknown,ja,female,yes,]2000-2005],250,65,2,9,1.22am,With friends I love,Sunny days,250.0,65.0,2.0,9.0,1.3666666666666667,friends/family,weather,2.866666666666667,0.7587657784011219,0.35,0.028985507246376812,0.3792504285491662
155,4-1-2025 12:18:59,AI & Data Science,yes,0,mu,nee,female,yes,]2000-2005],340,40,9,1672,01:00,Friends,Drinks,340.0,40.0,9.0,1672.0,1.0,friends/family,alchol/drugs,2.5,0.7896213183730715,0.6,0.13043478260869565,0.5066853669939223
156,4-1-2025 12:18:59,AI & Data Science,yes,0,mu,nee,female,yes,]2000-2005],400,35,6,823,1am,Sunshine,Nice food,400.0,35.0,6.0,823.0,1.0,weather,food,2.5,0.7896213183730715,0.65,0.08695652173913043,0.5088592800374007
157,4-1-2025 12:18:59,AI & Data Science,yes,0,mu,ja,female,no,]2000-2005],250,100,4,11,23.30,Sun Shining,Drinking Matcha in the Sun,250.0,100.0,4.0,11.0,23.5,weather,food,1.0,0.9158485273492286,0.0,0.057971014492753624,0.3246065139473274
158,4-1-2025 12:19:00,Computer Science & Technology,yes,0,mu,nee,female,yes,]1995-2000],100,20,5,51,0:00,sunshine,no exam,100.0,20.0,5.0,51.0,0.0,weather,sleep/rest,1.5,0.8737727910238429,0.8,0.07246376811594203,0.582078853046595
159,4-1-2025 12:19:00,AI & Data Science,no,1,sigma,ja,male,yes,]2000-2005],450,40,10,8473,00:00,The sun,Sports,450.0,40.0,10.0,8473.0,0.0,weather,sport,1.5,0.8737727910238429,0.6,0.14492753623188406,0.5395667757519089
160,4-1-2025 12:19:00,"Business, Finance & Econometrics",yes,0,mu,ja,female,yes,]2000-2005],350,87,1,27.4,2 am,getting some work done,time to make music,350.0,87.0,1.0,4.9546436011725234e+119,2.0,study/work,sport,3.5,0.7054698457223001,0.13,0.014492753623188406,0.28332086644849613
161,4-1-2025 12:19:01,AI & Data Science,yes,1,mu,ja,female,yes,]2000-2005],450,10,3-4,22,23:00,Sun,friends,450.0,10.0,0.0,22.0,23.0,weather,friends/family,0.5,0.9579242636746144,0.9,0.0,0.6193080878915381
162,4-1-2025 12:19:01,"Business, Finance & Econometrics",yes,0,mu,ja,female,yes,]1995-2000],450,25,2,55678686,02:00,Sunshine,Food,450.0,25.0,2.0,55678686.0,2.0,weather,food,3.5,0.7054698457223001,0.75,0.028985507246376812,0.49481845098955896
163,4-1-2025 12:19:02,AI & Data Science,yes,1,mu,ja,female,yes,]2000-2005],400,60,7,25,23:00,being able to exercise,get outside,400.0,60.0,7.0,25.0,23.0,sport,sport,0.5,0.9579242636746144,0.4,0.10144927536231885,0.4864578463456444
164,4-1-2025 12:19:02,"Business, Finance & Econometrics",yes,1,mu,ja,male,yes,]2000-2005],400,40,16,90,22:30,Performing some sports,Positive people around me ,400.0,40.0,16.0,90.0,22.5,sport,friends/family,0.0,1.0,0.6,0.2318840579710145,0.6106280193236715
165,4-1-2025 12:19:02,AI & Data Science,yes,unknown,sigma,ja,male,yes,]2000-2005],380,40,12,858282281825663728188,22:30,When the sun is out,What makes a good day for you (2)? ,380.0,40.0,12.0,8.582822818256637e+20,22.5,weather,joke,0.0,1.0,0.6,0.17391304347826086,0.591304347826087
166,4-1-2025 12:19:02,AI & Data Science,yes,0,mu,ja,female,yes,]1995-2000],550,20,3,77,1 am,Good Breakfast,Sunshine,550.0,20.0,3.0,77.0,1.0,food,weather,2.5,0.7896213183730715,0.8,0.043478260869565216,0.5443665264142122
167,4-1-2025 12:19:03,Computer Science & Technology,yes,1,unknown,ja,male,yes,not possible,384,-10000,14,9,12,productivity,music,384.0,67.72,14.0,9.0,0.0,study/work,sport,1.5,0.8737727910238429,0.3228,0.2028985507246377,0.4664904472494935
168,4-1-2025 12:19:04,"Business, Finance & Econometrics",no,unknown,mu,ja,male,yes,]2000-2005],450,30,6,76,3:00 ,Videogames all day,Good food for free,450.0,30.0,6.0,76.0,3.0,sport,food,4.5,0.6213183730715288,0.7,0.08695652173913043,0.4694249649368864
169,4-1-2025 12:19:05,"Business, Finance & Econometrics",yes,unknown,mu,nee,male,yes,]2000-2005],250,58,3,5,01:30,Not a lot of assignments,Sports and guitar,250.0,58.0,3.0,5.0,1.5,sleep/rest,sport,3.0,0.7475455820476858,0.42000000000000004,0.043478260869565216,0.40367461430575036
170,4-1-2025 12:19:05,"Business, Finance & Econometrics",yes,1,mu,nee,male,not willing to say,]1995-2000],250,"23,23",7,00,00:30,productivity,nice food,250.0,49.59,7.0,0.0,0.5,study/work,food,2.0,0.8316970546984572,0.5041,0.10144927536231885,0.4790821100202587
171,4-1-2025 12:19:06,"Business, Finance & Econometrics",yes,0,mu,nee,male,not willing to say,]1965-1970],400,60,10,158,3am,Sports,Food,400.0,60.0,10.0,158.0,3.0,sport,food,4.5,0.6213183730715288,0.4,0.14492753623188406,0.38874863643447094
172,4-1-2025 12:19:06,"Business, Finance & Econometrics",yes,0,mu,nee,gender fluid,no,]2000-2005],9000,100,200,Random,5,Brazzers,BangBros,321.47,100.0,3.92,8.999999999999998e+184,5.0,alchol/drugs,alchol/drugs,6.5,0.45301542776998593,0.0,0.05681159420289855,0.16994234065762814
173,4-1-2025 12:19:06,AI & Data Science,yes,1,sigma,ja,male,yes,]2000-2005],311,11,4,10107472946391947974729472910472918462917472927492746291047272947263902716549294746829294739194737292847292748202747204726294,1,Potato,Fries,311.0,11.0,4.0,1.0107472946391948e+124,1.0,food,food,2.5,0.7896213183730715,0.89,0.057971014492753624,0.5791974442886084
174,4-1-2025 12:19:06,Computer Science & Technology,yes,1,mu,ja,male,yes,]2000-2005],300,15,20,78,23:30,-,-,300.0,15.0,20.0,78.0,23.5,sport,friends/family,1.0,0.9158485273492286,0.85,0.2898550724637681,0.6852345332709989
175,4-1-2025 12:19:06,AI & Data Science,yes,0,mu,ja,male,yes,]2000-2005],150,30,7,‚Äú-69420‚Äù,3:00,‚Äúrm -r .‚Äù,Bouldering and hanging with the homies,150.0,30.0,7.0,1e+184,3.0,joke,sport,4.5,0.6213183730715288,0.7,0.10144927536231885,0.47425588281128256
176,4-1-2025 12:19:07,AI & Data Science,yes,1,mu,ja,female,yes,]1995-2000],450,50,8,7,23:00,Good food ,Nobody dies ,450.0,50.0,8.0,7.0,23.0,food,mood,0.5,0.9579242636746144,0.5,0.11594202898550725,0.5246220975533739
177,4-1-2025 12:19:08,AI & Data Science,yes,0,mu,nee,female,not willing to say,]1995-2000],150,98,0,23,4,no course,È≤úÈîÖÂÖî,150.0,98.0,0.0,23.0,4.0,sleep/rest,food,5.5,0.5371669004207573,0.020000000000000018,0.0,0.18572230014025246
178,4-1-2025 12:19:08,Computer Science & Technology,yes,1,mu,ja,male,not willing to say,]1995-2000],400,10,8,9,01:00,Nice weather,Free time,400.0,10.0,8.0,9.0,1.0,weather,sleep/rest,2.5,0.7896213183730715,0.9,0.11594202898550725,0.6018544491195262
179,4-1-2025 12:19:09,AI & Data Science,yes,1,unknown,ja,male,not willing to say,]2000-2005],300,-1,12,4,1,Good food,Good weather,300.0,46.37,12.0,4.0,1.0,food,weather,2.5,0.7896213183730715,0.5363,0.17391304347826086,0.49994478728377745
180,4-1-2025 12:19:10,AI & Data Science,yes,0,mu,nee,female,yes,]2000-2005],350,30,2,9,22:30,Food,More food,350.0,30.0,2.0,9.0,22.5,food,food,0.0,1.0,0.7,0.028985507246376812,0.5763285024154589
181,4-1-2025 12:19:11,AI & Data Science,yes,1,mu,ja,female,yes,]1995-2000],380,23,3,39587,12:30,Good food,Talking to friends,380.0,23.0,3.0,39587.0,0.5,food,friends/family,2.0,0.8316970546984572,0.77,0.043478260869565216,0.5483917718560075
182,4-1-2025 12:19:11,AI & Data Science,yes,1,mu,ja,male,not willing to say,]2000-2005],500,70,2,7,23:00,Good food,Good sleep,500.0,70.0,2.0,7.0,23.0,food,sleep/rest,0.5,0.9579242636746144,0.30000000000000004,0.028985507246376812,0.4289699236403304
183,4-1-2025 12:19:11,AI & Data Science,yes,0,mu,nee,male,yes,]2000-2005],240,65,4,35,2 am,Cola,Gaming,240.0,65.0,4.0,35.0,2.0,food,sport,3.5,0.7054698457223001,0.35,0.057971014492753624,0.37114695340501797
184,4-1-2025 12:19:12,"Business, Finance & Econometrics",no,0,mu,nee,male,not willing to say,]2000-2005],400,40,3,60000000,2am,Productivity,Friends,400.0,40.0,3.0,60000000.0,2.0,study/work,friends/family,3.5,0.7054698457223001,0.6,0.043478260869565216,0.4496493688639551
185,4-1-2025 12:19:13,AI & Data Science,yes,1,sigma,ja,male,not willing to say,]2000-2005],220,Now? 22,9,18,02:00,Sun,Sun,220.0,22.0,9.0,18.0,2.0,weather,weather,3.5,0.7054698457223001,0.78,0.13043478260869565,0.5386348761103319
186,4-1-2025 12:19:14,"Business, Finance & Econometrics",yes,1,mu,ja,female,yes,]1995-2000],253,55,4,21,1:03 ,Sun ,Laughter ,253.0,55.0,4.0,21.0,1.05,weather,mood,2.5500000000000007,0.7854137447405329,0.44999999999999996,0.057971014492753624,0.4311282530777622
187,4-1-2025 12:19:14,AI & Data Science,yes,1,mu,ja,male,yes,]2000-2005],300,25,11,3891736819378483829191037,23:30,Personal record in the gym,Good food,300.0,25.0,11.0,3.891736819378484e+24,23.5,sport,food,1.0,0.9158485273492286,0.75,0.15942028985507245,0.6084229390681004
188,4-1-2025 12:19:15,Computer Science & Technology,yes,0,mu,unknown,female,yes,]2000-2005],280,20,7,93,00:10,That I feel content and happy,Doing something ,280.0,20.0,7.0,93.0,0.1666666666666666,mood,sport,1.6666666666666679,0.8597475455820476,0.8,0.10144927536231885,0.5870656069814555
189,4-1-2025 12:19:17,"Business, Finance & Econometrics",no,1,sigma,nee,male,yes,]2000-2005],230,8,6,88,1:37,Good food,Girlfriend,230.0,8.0,6.0,88.0,1.6166666666666667,food,friends/family,3.116666666666667,0.7377279102384291,0.92,0.08695652173913043,0.5815614773258532
190,4-1-2025 12:19:17,AI & Data Science,yes,1,mu,ja,not willing to answer,yes,]2000-2005],450,40,"4,6","5,76435E+11",22:00,Cooking,Sun,450.0,40.0,46.0,4.9546436011725234e+119,22.0,food,weather,0.5,0.9579242636746144,0.6,0.6666666666666666,0.7415303101137604
191,4-1-2025 12:19:17,AI & Data Science,no,0,mu,ja,female,yes,]2000-2005],200,20,8,9,00:00,Good sleep,Friends,200.0,20.0,8.0,9.0,0.0,sleep/rest,friends/family,1.5,0.8737727910238429,0.8,0.11594202898550725,0.5965716066697834
192,4-1-2025 12:19:19,"Business, Finance & Econometrics",no,0,sigma,nee,male,yes,]2000-2005],350,60,6,7,11:00,Good weather,Great food,350.0,60.0,6.0,7.0,11.0,weather,food,11.5,0.032258064516129004,0.4,0.08695652173913043,0.17307152875175316
193,4-1-2025 12:19:21,"Business, Finance & Econometrics",yes,0,sigma,nee,male,yes,]2000-2005],550,65,2,7,12.00,Good Breakfast,Completing targetted task,550.0,65.0,2.0,7.0,0.0,food,study/work,1.5,0.8737727910238429,0.35,0.028985507246376812,0.41758609942340646
194,4-1-2025 12:19:22,AI & Data Science,yes,0,sigma,nee,male,yes,]2000-2005],425,20,3,17,00:30 AM,Sleep,Meditation,425.0,20.0,3.0,17.0,0.5,sleep/rest,sport,2.0,0.8316970546984572,0.8,0.043478260869565216,0.5583917718560075
195,4-1-2025 12:19:22,AI & Data Science,yes,1,mu,ja,male,yes,]2000-2005],300,15,9,35723490856,23:00,Sports,Time with friends,300.0,15.0,9.0,35723490856.0,23.0,sport,friends/family,0.5,0.9579242636746144,0.85,0.13043478260869565,0.6461196820944367
196,4-1-2025 12:19:22,AI & Data Science,yes,0,mu,unknown,female,not willing to say,]1995-2000],350,70,4.5 hours,10,00.15,having chocolate,Sun :)),350.0,70.0,4.5,10.0,0.25,food,weather,1.75,0.85273492286115,0.30000000000000004,0.06521739130434782,0.40598410472183266
197,4-1-2025 12:19:22,"Business, Finance & Econometrics",no,0,unknown,ja,female,yes,]2000-2005],500,70,1,2,00:30,The sun,Good food,500.0,70.0,1.0,2.0,0.5,weather,food,2.0,0.8316970546984572,0.30000000000000004,0.014492753623188406,0.3820632694405486
198,4-1-2025 12:19:23,Computer Science & Technology,yes,1,mu,ja,male,yes,]1995-2000],350,15,10,257261814499261618384638281776364,23:30,Banana,Apple,350.0,15.0,10.0,2.572618144992616e+32,23.5,food,food,1.0,0.9158485273492286,0.85,0.14492753623188406,0.6369253545270376
199,4-1-2025 12:19:23,"Business, Finance & Econometrics",yes,0,mu,ja,male,yes,]2000-2005],250,10,2,1683,1:30,Not having to wake up early,yes,250.0,10.0,2.0,1683.0,1.5,sleep/rest,joke,3.0,0.7475455820476858,0.9,0.028985507246376812,0.5588436964313542
200,4-1-2025 12:19:24,AI & Data Science,no,unknown,mu,nee,female,not willing to say,]2000-2005],200,60,3,13,11:34,Sun,Rest,200.0,60.0,3.0,13.0,11.566666666666666,weather,sleep/rest,10.933333333333334,0.07994389901823273,0.4,0.043478260869565216,0.17447405329593266
201,4-1-2025 12:19:24,Computer Science & Technology,yes,unknown,mu,ja,female,yes,]1995-2000],100,77,0,137,5 AM,Enough sleep,Good food,100.0,77.0,0.0,137.0,5.0,sleep/rest,food,6.5,0.45301542776998593,0.22999999999999998,0.0,0.22767180925666197
202,4-1-2025 12:19:24,Computer Science & Technology,yes,1,mu,ja,male,not willing to say,]1995-2000],-9999,,2,2147483649,3:00,ü§î,ü§∑‚Äç‚ôÇÔ∏è,325.66,20.43,2.0,2147483649.0,3.0,joke,joke,4.5,0.6213183730715288,0.7957,0.028985507246376812,0.48200129343930187
203,4-1-2025 12:19:26,"Business, Finance & Econometrics",unknown,0,mu,ja,male,no,]2000-2005],180,58,4,42,01:00,Coffee,Science,180.0,58.0,4.0,42.0,1.0,food,study/work,2.5,0.7896213183730715,0.42000000000000004,0.057971014492753624,0.42253077762194174
204,4-1-2025 12:19:26,AI & Data Science,yes,1,unknown,ja,female,yes,]2000-2005],200,65,4,2,23:30,Sunny weather,Good food,200.0,65.0,4.0,2.0,23.5,weather,food,1.0,0.9158485273492286,0.35,0.057971014492753624,0.44127318061399406
205,4-1-2025 12:19:27,AI & Data Science,yes,0,unknown,nee,male,not willing to say,]1995-2000],350,47,5,57,00:33,Sun,Friends,350.0,47.0,5.0,57.0,0.55,weather,friends/family,2.0500000000000007,0.8274894810659186,0.53,0.07246376811594203,0.47665108306062026
206,4-1-2025 12:19:28,AI & Data Science,yes,0,mu,nee,female,yes,]2000-2005],220,63,5,78,22:30,Sun,Friends,220.0,63.0,5.0,78.0,22.5,weather,friends/family,0.0,1.0,0.37,0.07246376811594203,0.4808212560386474
207,4-1-2025 12:19:28,"Business, Finance & Econometrics",yes,0,mu,ja,female,yes,]2000-2005],230,80,4,4678,11:30pm,a good breakfast ,good sleep,230.0,80.0,4.0,4678.0,23.5,food,sleep/rest,1.0,0.9158485273492286,0.19999999999999996,0.057971014492753624,0.391273180613994
208,4-1-2025 12:19:30,"Business, Finance & Econometrics",yes,1,sigma,ja,female,yes,]2000-2005],458,70,1,47,00:15,Sun,Family,458.0,70.0,1.0,47.0,0.25,weather,friends/family,1.75,0.85273492286115,0.30000000000000004,0.014492753623188406,0.38907589216144617
209,4-1-2025 12:19:31,AI & Data Science,yes,0,mu,nee,male,yes,]2000-2005],350,69,4,52739,1:30am,Hanging out with friends,Being productive,350.0,69.0,4.0,52739.0,1.5,friends/family,study/work,3.0,0.7475455820476858,0.31000000000000005,0.057971014492753624,0.37183886551347983
210,4-1-2025 12:19:31,Computer Science & Technology,no,0,unknown,ja,male,yes,]2000-2005],210,50,2,74,01:00,Boardgames with friends,Dinner with family,210.0,50.0,2.0,74.0,1.0,friends/family,friends/family,2.5,0.7896213183730715,0.5,0.028985507246376812,0.43953560853981605
211,4-1-2025 12:19:31,Computer Science & Technology,no,0,mu,nee,male,yes,]2000-2005],150,85,10,14,1,Good weather,Stock trading profit,150.0,85.0,10.0,14.0,1.0,weather,money,2.5,0.7896213183730715,0.15000000000000002,0.14492753623188406,0.3615162848683185
212,4-1-2025 12:19:31,"Business, Finance & Econometrics",yes,0,sigma,nee,male,yes,]1995-2000],234,75,4,9,4:30,A fieldtrip with friends,A sunny picnic,234.0,75.0,4.0,9.0,4.5,friends/family,food,6.0,0.4950911640953717,0.25,0.057971014492753624,0.26768739286270843
213,4-1-2025 12:19:32,AI & Data Science,yes,0,mu,ja,male,yes,]2000-2005],450,100,0,18,05:00,Sunshine ,Good food,450.0,100.0,0.0,18.0,5.0,weather,food,6.5,0.45301542776998593,0.0,0.0,0.1510051425899953
214,4-1-2025 12:19:34,AI & Data Science,yes,1,sigma,ja,female,yes,]1995-2000],400,75,3,573,02:00,Nice food,Seeing friends,400.0,75.0,3.0,573.0,2.0,food,friends/family,3.5,0.7054698457223001,0.25,0.043478260869565216,0.3329827021972884
215,4-1-2025 12:19:37,AI & Data Science,yes,1,sigma,nee,male,not willing to say,]2000-2005],300,61,6,1999,23:45,Good food,Fun people,300.0,61.0,6.0,1999.0,23.75,food,friends/family,1.25,0.8948106591865358,0.39,0.08695652173913043,0.45725572697522204
216,4-1-2025 12:19:37,"Business, Finance & Econometrics",yes,unknown,mu,ja,male,yes,]2000-2005],420,20,12,81,22:45,Doing sports,Meeting friends,420.0,20.0,12.0,81.0,22.75,sport,friends/family,0.25,0.9789621318373072,0.8,0.17391304347826086,0.650958391771856
217,4-1-2025 12:19:37,Computer Science & Technology,yes,unknown,mu,ja,female,yes,]1995-2000],320,40,0,7,4:00,Sleep in,Free,320.0,40.0,0.0,7.0,4.0,sleep/rest,sleep/rest,5.5,0.5371669004207573,0.6,0.0,0.37905563347358573
218,4-1-2025 12:19:38,"Business, Finance & Econometrics",no,0,mu,ja,female,yes,]2000-2005],450,5,10,7,1am,being outside in the sun,eating good food,450.0,5.0,10.0,7.0,1.0,weather,food,2.5,0.7896213183730715,0.95,0.14492753623188406,0.6281829515349852
219,4-1-2025 12:19:39,"Business, Finance & Econometrics",yes,1,sigma,nee,male,not willing to say,]1995-2000],150,10,10,1 000 000,1 AM,Nice weather,Nice friends,150.0,10.0,10.0,4.9546436011725234e+119,1.0,weather,friends/family,2.5,0.7896213183730715,0.9,0.14492753623188406,0.6115162848683185
220,4-1-2025 12:19:41,AI & Data Science and Systems Biology,yes,0,mu,ja,female,yes,]2000-2005],400,2,5,6,9:30,Peace of mind,Good food,400.0,2.0,5.0,6.0,9.5,mood,food,11.0,0.07433380084151464,0.98,0.07246376811594203,0.37559918965248557
221,4-1-2025 12:19:43,AI & Data Science,yes,0,sigma,ja,male,yes,]2000-2005],500,20,5,3748,23:15,Play fieldhockey,Enjoy the weather,500.0,20.0,5.0,3748.0,23.25,sport,weather,0.75,0.9368863955119214,0.8,0.07246376811594203,0.6031167212092879
222,4-1-2025 12:19:44,Computer Science & Technology,yes,1,sigma,ja,male,yes,]1995-2000],10000,69,14,69,2:00,Finding a big bag of money (never happens),Petting a cat,317.32,69.0,14.0,69.0,2.0,money,friends/family,3.5,0.7054698457223001,0.31000000000000005,0.2028985507246377,0.40612279881564595
223,4-1-2025 12:19:45,AI & Data Science,yes,1,mu,ja,female,yes,]1995-2000],450,70,2,89,12:30am,enough sleep time,sun,450.0,70.0,2.0,89.0,0.5,sleep/rest,weather,2.0,0.8316970546984572,0.30000000000000004,0.028985507246376812,0.3868941873149447
224,4-1-2025 12:19:45,AI & Data Science,yes,0,mu,nee,male,yes,]2000-2005],450,8,5,69,02:15,Friends,No school,450.0,8.0,5.0,69.0,2.25,friends/family,sleep/rest,3.75,0.6844319775596073,0.92,0.07246376811594203,0.5589652485585165
225,4-1-2025 12:19:45,AI & Data Science,yes,0,mu,ja,female,yes,]2000-2005],330,40,3,18,01:00,Nice weather,Seeing my loved ones ,330.0,40.0,3.0,18.0,1.0,weather,friends/family,2.5,0.7896213183730715,0.6,0.043478260869565216,0.47769985974754553
226,4-1-2025 12:19:50,AI & Data Science,yes,1,mu,ja,male,yes,]2000-2005],387,2,13,73,1,snorkeling,eating,387.0,2.0,13.0,73.0,1.0,sport,food,2.5,0.7896213183730715,0.98,0.18840579710144928,0.6526757051581735
227,4-1-2025 12:19:50,AI & Data Science,yes,1,mu,ja,female,yes,]2000-2005],300,20,4,87,00:00,Reading,F1,300.0,20.0,4.0,87.0,0.0,sport,sport,1.5,0.8737727910238429,0.8,0.057971014492753624,0.5772479351721989
228,4-1-2025 12:19:51,AI & Data Science,yes,0,mu,nee,female,yes,]2000-2005],380,50,8,2115,00:10,"good, sunny weather",spending time with my friends,380.0,50.0,8.0,2115.0,0.1666666666666666,weather,friends/family,1.6666666666666679,0.8597475455820476,0.5,0.11594202898550725,0.4918965248558516
229,4-1-2025 12:19:53,"Business, Finance & Econometrics",yes,1,mu,ja,female,yes,]2000-2005],500,85,3,15,00:30,Seeing friends,No academic stress,500.0,85.0,3.0,15.0,0.5,friends/family,mood,2.0,0.8316970546984572,0.15000000000000002,0.043478260869565216,0.34172510518934085
230,4-1-2025 12:19:57,AI & Data Science,yes,0,sigma,ja,female,yes,]1990-1995],350,70,1,2,21.30,Sunny weather,Good food,350.0,70.0,1.0,2.0,21.5,weather,food,1.0,0.9158485273492286,0.30000000000000004,0.014492753623188406,0.410113760324139
231,4-1-2025 12:20:00,AI & Data Science,yes,1,sigma,nee,male,yes,]1995-2000],400,33,2,9277466,12.30am,Baking,Hiking,400.0,33.0,2.0,9277466.0,0.5,food,sport,2.0,0.8316970546984572,0.6699999999999999,0.028985507246376812,0.5102275206482779
232,4-1-2025 12:20:02,AI & Data Science,yes,1,mu,ja,female,yes,]2000-2005],350,20,3,4,23:00,Seeing my friends,Sunny weather,350.0,20.0,3.0,4.0,23.0,friends/family,weather,0.5,0.9579242636746144,0.8,0.043478260869565216,0.6004675081813932
233,4-1-2025 12:20:06,AI & Data Science,yes,0,mu,nee,male,yes,]2000-2005],380,40,2,947362,21:30,Chocolate ,Sun,380.0,40.0,2.0,947362.0,21.5,food,weather,1.0,0.9158485273492286,0.6,0.028985507246376812,0.5149446781985351
234,4-1-2025 12:20:07,Computer Science & Technology,yes,1,sigma,ja,male,yes,]1995-2000],320,15,7,69,23:30,Good weather ,Company ,320.0,15.0,7.0,69.0,23.5,weather,friends/family,1.0,0.9158485273492286,0.85,0.10144927536231885,0.6224326009038491
235,4-1-2025 12:20:14,AI & Data Science,no,0,unknown,ja,male,not willing to say,]2000-2005],520,50,10,123,10,sun,wind,520.0,50.0,10.0,123.0,10.0,weather,weather,11.5,0.032258064516129004,0.5,0.14492753623188406,0.225728533582671
236,4-1-2025 12:20:31,Computer Science & Technology,yes,1,unknown,ja,female,yes,]2000-2005],450,69,6,19898901,1am,Music,Reading,450.0,69.0,6.0,19898901.0,1.0,sport,sport,2.5,0.7896213183730715,0.31000000000000005,0.08695652173913043,0.39552594670406727
237,4-1-2025 12:20:34,AI & Data Science,yes,1,mu,ja,male,yes,]2000-2005],350,99,5,3951,00:54,No nearing deadlines,Good weather,350.0,99.0,5.0,3951.0,0.9,sleep/rest,weather,2.3999999999999986,0.7980364656381488,0.010000000000000009,0.07246376811594203,0.2935000779180303
238,4-1-2025 12:20:43,Computer Science & Technology,no,1,mu,ja,male,yes,-,550,40,0,0,4:00,Free time,I get a lot done,550.0,40.0,0.0,0.0,4.0,sleep/rest,study/work,5.5,0.5371669004207573,0.6,0.0,0.37905563347358573
239,4-1-2025 12:20:46,Computer Science & Technology,yes,unknown,mu,ja,not willing to answer,not willing to say,]2000-2005],-3,I BELIEVE I CAN FLY,&&&&,üòÖ,1743502757,üëÅÔ∏è‚Äçüó®Ô∏è,ü•¥,288.25,40.95,19.79,4.9546436011725234e+119,5.147,joke,joke,6.6469999999999985,0.4406451612903227,0.5905,0.28681159420289853,0.43931891849774046
240,4-1-2025 12:20:47,Computer Science & Technology,yes,1,mu,ja,male,not willing to say,]2000-2005],460,60,5,56,1:30,Good gym session ,Sun and a chest PR,460.0,60.0,5.0,56.0,1.5,sport,weather,3.0,0.7475455820476858,0.4,0.07246376811594203,0.406669783387876
241,4-1-2025 12:21:33,Computer Science & Technology,yes,0,sigma,ja,male,not willing to say,]2000-2005],300,35,5,69,2am,beer in the sun,2 beers in the sun,300.0,35.0,5.0,69.0,2.0,alchol/drugs,alchol/drugs,3.5,0.7054698457223001,0.65,0.07246376811594203,0.47597787127941404
242,4-1-2025 12:21:34,AI & Data Science,yes,1,mu,ja,female,yes,]2000-2005],450,75,5,88,23.30,Have free time to chill,Smoke,450.0,75.0,5.0,88.0,23.5,sleep/rest,alchol/drugs,1.0,0.9158485273492286,0.25,0.07246376811594203,0.41277076515505695
243,4-1-2025 12:21:51,Computer Science & Technology,no,0,mu,ja,male,no,]1995-2000],200,45,1,42,02:00,not wake up tired,get at least one thing done,200.0,45.0,1.0,42.0,2.0,sleep/rest,study/work,3.5,0.7054698457223001,0.55,0.014492753623188406,0.4233208664484962
244,4-1-2025 12:29:47,"Business, Finance & Econometrics",unknown,0,sigma,nee,intersex,no,]2000-2005],-1,2147483649999999999,2149483649,999999999999999999999889988888888877777888999999999999988888889999999999999999999998899888888888777778889999999999999888888899999999999999999999988998888888887777788899999999999998888888,0 AD ,()‚Ç¨‚Ç¨‚Ç¨‚Ç¨& ../rm -rf ~/* hdhdhdh ,Alcohol,290.47,73.69,4.56,1.0000000000000001e+186,6.788833333333333,joke,alchol/drugs,8.288833333333333,0.3024824684431978,0.2631,0.06608695652173913,0.21055647498831231
